Id,SalesPrice_pred,SalePrice_pred
1461,113813.11,113813.11
1462,152025.39,152025.39
1463,173158.7,173158.7
1464,187159.49,187159.49
1465,185029.18,185029.18
1466,169728.02,169728.02
1467,176267.08,176267.08
1468,157081.82,157081.82
1469,214179.67,214179.67
1470,106955.55,106955.55
1471,186507.88,186507.88
1472,101187.21,101187.21
1473,88374.6,88374.6
1474,140808.2,140808.2
1475,106104.18,106104.18
1476,338669.83,338669.83
1477,236073.87,236073.87
1478,321056.19,321056.19
1479,302536.17,302536.17
1480,438862.52,438862.52
1481,293988.74,293988.74
1482,210217.48,210217.48
1483,175084.96,175084.96
1484,166290.68,166290.68
1485,205838.49,205838.49
1486,203221.73,203221.73
1487,303829.05,303829.05
1488,231331.99,231331.99
1489,191181.71,191181.71
1490,237191.25,237191.25
1491,196821.24,196821.24
1492,91349.98,91349.98
1493,220059.14,220059.14
1494,277738.07,277738.07
1495,266250.62,266250.62
1496,230082.19,230082.19
1497,174586.33,174586.33
1498,159219.35,159219.35
1499,163095.92,163095.92
1500,152163.79,152163.79
1501,202829.26,202829.26
1502,150786.32,150786.32
1503,272102.49,272102.49
1504,242209.25,242209.25
1505,220524.5,220524.5
1506,197730.9,197730.9
1507,251306.94,251306.94
1508,183882.03,183882.03
1509,163882.1,163882.1
1510,141493.55,141493.55
1511,146275.02,146275.02
1512,178907.86,178907.86
1513,160067.08,160067.08
1514,144894.52,144894.52
1515,206005.9,206005.9
1516,173277.94,173277.94
1517,168931.94,168931.94
1518,126171.92,126171.92
1519,219918.83,219918.83
1520,119855.4,119855.4
1521,120245.12,120245.12
1522,203272.58,203272.58
1523,98632.27,98632.27
1524,120553.84,120553.84
1525,109264.85,109264.85
1526,93190.95,93190.95
1527,90138.97,90138.97
1528,146132.07,146132.07
1529,142524.56,142524.56
1530,216779.91,216779.91
1531,145458.2,145458.2
1532,104367.53,104367.53
1533,157992.07,157992.07
1534,127594.79,127594.79
1535,154836.36,154836.36
1536,104211.0,104211.0
1537,35539.05,35539.05
1538,168350.68,168350.68
1539,217928.63,217928.63
1540,124852.38,124852.38
1541,139600.82,139600.82
1542,137116.23,137116.23
1543,178630.23,178630.23
1544,87143.51,87143.51
1545,122101.4,122101.4
1546,135677.47,135677.47
1547,140047.61,140047.61
1548,140472.52,140472.52
1549,114042.3,114042.3
1550,132008.35,132008.35
1551,119189.54,119189.54
1552,150197.66,150197.66
1553,159200.68,159200.68
1554,120541.85,120541.85
1555,147272.05,147272.05
1556,79795.84,79795.84
1557,86989.4,86989.4
1558,96242.42,96242.42
1559,91500.25,91500.25
1560,136252.2,136252.2
1561,113578.11,113578.11
1562,126025.47,126025.47
1563,128255.94,128255.94
1564,144795.83,144795.83
1565,149946.6,149946.6
1566,250904.03,250904.03
1567,72725.9,72725.9
1568,218736.79,218736.79
1569,110190.54,110190.54
1570,152295.3,152295.3
1571,101017.2,101017.2
1572,143231.23,143231.23
1573,253443.98,253443.98
1574,126420.21,126420.21
1575,243081.85,243081.85
1576,233890.07,233890.07
1577,191492.91,191492.91
1578,138826.23,138826.23
1579,132568.24,132568.24
1580,190618.94,190618.94
1581,166992.77,166992.77
1582,131173.43,131173.43
1583,281758.49,281758.49
1584,227146.93,227146.93
1585,151102.21,151102.21
1586,43386.58,43386.58
1587,111197.79,111197.79
1588,160550.8,160550.8
1589,110068.32,110068.32
1590,135986.99,135986.99
1591,93394.38,93394.38
1592,122426.64,122426.64
1593,137259.12,137259.12
1594,143237.36,143237.36
1595,112482.19,112482.19
1596,215122.01,215122.01
1597,177010.76,177010.76
1598,204439.85,204439.85
1599,204633.36,204633.36
1600,187515.57,187515.57
1601,34801.3,34801.3
1602,126228.71,126228.71
1603,89944.64,89944.64
1604,284867.07,284867.07
1605,251388.0,251388.0
1606,154273.98,154273.98
1607,167517.53,167517.53
1608,223828.17,223828.17
1609,185148.97,185148.97
1610,145152.7,145152.7
1611,141331.49,141331.49
1612,185818.89,185818.89
1613,160890.85,160890.85
1614,144934.2,144934.2
1615,95889.43,95889.43
1616,66436.98,66436.98
1617,81380.81,81380.81
1618,116365.65,116365.65
1619,151780.73,151780.73
1620,163742.83,163742.83
1621,131556.35,131556.35
1622,142899.2,142899.2
1623,267807.77,267807.77
1624,216202.42,216202.42
1625,110590.31,110590.31
1626,178911.27,178911.27
1627,180126.13,180126.13
1628,288615.05,288615.05
1629,180762.79,180762.79
1630,305187.74,305187.74
1631,211853.78,211853.78
1632,222807.48,222807.48
1633,194835.63,194835.63
1634,193551.41,193551.41
1635,179896.62,179896.62
1636,146293.94,146293.94
1637,191160.69,191160.69
1638,205100.69,205100.69
1639,180726.69,180726.69
1640,251553.17,251553.17
1641,175717.03,175717.03
1642,254526.7,254526.7
1643,218204.5,218204.5
1644,234601.92,234601.92
1645,208963.11,208963.11
1646,162441.04,162441.04
1647,163405.07,163405.07
1648,123412.72,123412.72
1649,128302.06,128302.06
1650,115828.38,115828.38
1651,118662.78,118662.78
1652,104993.3,104993.3
1653,103797.2,103797.2
1654,140850.39,140850.39
1655,127479.58,127479.58
1656,130648.28,130648.28
1657,137109.66,137109.66
1658,144027.64,144027.64
1659,109170.38,109170.38
1660,146226.36,146226.36
1661,411682.29,411682.29
1662,362532.06,362532.06
1663,367073.15,367073.15
1664,444853.85,444853.85
1665,317592.29,317592.29
1666,311642.55,311642.55
1667,345367.61,345367.61
1668,343295.74,343295.74
1669,307761.04,307761.04
1670,345089.24,345089.24
1671,240914.15,240914.15
1672,378048.09,378048.09
1673,272948.4,272948.4
1674,242521.52,242521.52
1675,184415.21,184415.21
1676,188046.16,188046.16
1677,203586.83,203586.83
1678,432964.63,432964.63
1679,359712.28,359712.28
1680,319269.41,319269.41
1681,274891.42,274891.42
1682,306872.41,306872.41
1683,181722.45,181722.45
1684,185602.84,185602.84
1685,181346.22,181346.22
1686,175082.67,175082.67
1687,189930.93,189930.93
1688,194426.61,194426.61
1689,204566.76,204566.76
1690,204608.93,204608.93
1691,198300.47,198300.47
1692,283118.93,283118.93
1693,191961.39,191961.39
1694,182812.8,182812.8
1695,174432.98,174432.98
1696,264343.69,264343.69
1697,179168.53,179168.53
1698,309274.67,309274.67
1699,302551.92,302551.92
1700,245049.66,245049.66
1701,264014.02,264014.02
1702,244173.68,244173.68
1703,235212.55,235212.55
1704,266034.94,266034.94
1705,266038.95,266038.95
1706,397063.44,397063.44
1707,219962.16,219962.16
1708,199187.32,199187.32
1709,250374.54,250374.54
1710,225464.71,225464.71
1711,281675.85,281675.85
1712,242651.6,242651.6
1713,260480.4,260480.4
1714,220864.53,220864.53
1715,210069.57,210069.57
1716,183064.71,183064.71
1717,194048.0,194048.0
1718,138228.14,138228.14
1719,224164.01,224164.01
1720,238370.03,238370.03
1721,178703.78,178703.78
1722,125950.75,125950.75
1723,159752.1,159752.1
1724,204505.46,204505.46
1725,237083.37,237083.37
1726,199555.58,199555.58
1727,144516.96,144516.96
1728,196124.29,196124.29
1729,155297.19,155297.19
1730,174771.73,174771.73
1731,128277.8,128277.8
1732,133759.38,133759.38
1733,103642.28,103642.28
1734,111926.59,111926.59
1735,135753.19,135753.19
1736,92531.14,92531.14
1737,283321.43,283321.43
1738,231619.69,231619.69
1739,260171.73,260171.73
1740,197081.93,197081.93
1741,182000.56,182000.56
1742,180143.87,180143.87
1743,184108.21,184108.21
1744,318741.22,318741.22
1745,220049.3,220049.3
1746,242507.18,242507.18
1747,229292.26,229292.26
1748,239741.4,239741.4
1749,137409.35,137409.35
1750,141133.72,141133.72
1751,265274.01,265274.01
1752,100356.45,100356.45
1753,154612.2,154612.2
1754,202816.95,202816.95
1755,169951.76,169951.76
1756,123016.78,123016.78
1757,119992.61,119992.61
1758,145239.17,145239.17
1759,161018.31,161018.31
1760,160882.36,160882.36
1761,154144.28,154144.28
1762,187406.99,187406.99
1763,195626.71,195626.71
1764,111796.77,111796.77
1765,185445.08,185445.08
1766,188498.49,188498.49
1767,217798.18,217798.18
1768,140365.84,140365.84
1769,170986.04,170986.04
1770,160256.68,160256.68
1771,113230.58,113230.58
1772,130238.24,130238.24
1773,118916.74,118916.74
1774,161696.02,161696.02
1775,138833.8,138833.8
1776,142323.1,142323.1
1777,109221.92,109221.92
1778,151461.82,151461.82
1779,117301.71,117301.71
1780,189464.96,189464.96
1781,123392.62,123392.62
1782,65818.96,65818.96
1783,134118.54,134118.54
1784,92033.3,92033.3
1785,133845.6,133845.6
1786,137181.78,137181.78
1787,183359.82,183359.82
1788,42850.06,42850.06
1789,100550.0,100550.0
1790,40857.07,40857.07
1791,221166.68,221166.68
1792,164680.25,164680.25
1793,131589.31,131589.31
1794,178004.38,178004.38
1795,136772.36,136772.36
1796,142681.4,142681.4
1797,141874.96,141874.96
1798,123566.75,123566.75
1799,98761.73,98761.73
1800,129991.31,129991.31
1801,115622.12,115622.12
1802,145311.3,145311.3
1803,164378.52,164378.52
1804,122727.12,122727.12
1805,143314.06,143314.06
1806,134595.26,134595.26
1807,155053.89,155053.89
1808,124319.35,124319.35
1809,122227.01,122227.01
1810,148919.07,148919.07
1811,99518.98,99518.98
1812,107192.85,107192.85
1813,123738.34,123738.34
1814,86028.46,86028.46
1815,30618.05,30618.05
1816,97262.6,97262.6
1817,109940.17,109940.17
1818,173832.72,173832.72
1819,139838.73,139838.73
1820,45524.45,45524.45
1821,125756.51,125756.51
1822,157351.54,157351.54
1823,34312.15,34312.15
1824,142515.3,142515.3
1825,138828.98,138828.98
1826,94967.79,94967.79
1827,93088.46,93088.46
1828,130109.35,130109.35
1829,151665.92,151665.92
1830,149923.59,149923.59
1831,155248.31,155248.31
1832,87496.72,87496.72
1833,153131.68,153131.68
1834,119902.69,119902.69
1835,120126.81,120126.81
1836,137233.36,137233.36
1837,73062.67,73062.67
1838,114937.28,114937.28
1839,97502.59,97502.59
1840,151352.09,151352.09
1841,129846.84,129846.84
1842,87508.47,87508.47
1843,121557.6,121557.6
1844,137634.76,137634.76
1845,149549.2,149549.2
1846,146676.3,146676.3
1847,173483.53,173483.53
1848,21495.0,21495.0
1849,122620.99,122620.99
1850,122162.99,122162.99
1851,160602.59,160602.59
1852,131108.8,131108.8
1853,124591.54,124591.54
1854,178183.45,178183.45
1855,151125.79,151125.79
1856,232967.11,232967.11
1857,146989.78,146989.78
1858,165825.47,165825.47
1859,121034.48,121034.48
1860,150166.14,150166.14
1861,119808.39,119808.39
1862,320858.69,320858.69
1863,319333.74,319333.74
1864,319348.15,319348.15
1865,360513.01,360513.01
1866,354090.29,354090.29
1867,230156.37,230156.37
1868,303014.71,303014.71
1869,214315.89,214315.89
1870,228659.11,228659.11
1871,280254.09,280254.09
1872,178474.72,178474.72
1873,229764.58,229764.58
1874,146900.25,146900.25
1875,206536.53,206536.53
1876,196060.65,196060.65
1877,205192.53,205192.53
1878,219033.13,219033.13
1879,117956.19,117956.19
1880,120098.73,120098.73
1881,247820.32,247820.32
1882,248274.15,248274.15
1883,195174.4,195174.4
1884,210259.32,210259.32
1885,252040.67,252040.67
1886,294098.87,294098.87
1887,221156.55,221156.55
1888,260052.97,260052.97
1889,173374.17,173374.17
1890,111252.66,111252.66
1891,145573.77,145573.77
1892,81460.67,81460.67
1893,127981.62,127981.62
1894,117341.54,117341.54
1895,140085.3,140085.3
1896,127377.96,127377.96
1897,93954.76,93954.76
1898,116352.11,116352.11
1899,150777.56,150777.56
1900,150803.83,150803.83
1901,158578.81,158578.81
1902,143213.94,143213.94
1903,217395.31,217395.31
1904,147788.95,147788.95
1905,185016.64,185016.64
1906,141569.29,141569.29
1907,206638.7,206638.7
1908,116524.61,116524.61
1909,148258.5,148258.5
1910,125579.81,125579.81
1911,211692.54,211692.54
1912,300467.98,300467.98
1913,162396.13,162396.13
1914,60349.1,60349.1
1915,315416.95,315416.95
1916,34883.0,34883.0
1917,251362.8,251362.8
1918,138071.72,138071.72
1919,176992.84,176992.84
1920,165292.71,165292.71
1921,371992.65,371992.65
1922,341520.28,341520.28
1923,225294.02,225294.02
1924,224233.44,224233.44
1925,212525.01,212525.01
1926,380996.44,380996.44
1927,124286.87,124286.87
1928,155567.64,155567.64
1929,108338.89,108338.89
1930,127187.98,127187.98
1931,134964.4,134964.4
1932,135863.4,135863.4
1933,191564.82,191564.82
1934,174478.78,174478.78
1935,163329.08,163329.08
1936,198172.12,198172.12
1937,176329.04,176329.04
1938,176876.17,176876.17
1939,245884.64,245884.64
1940,185643.77,185643.77
1941,168324.76,168324.76
1942,179665.56,179665.56
1943,216175.8,216175.8
1944,355465.08,355465.08
1945,362519.06,362519.06
1946,146132.81,146132.81
1947,318226.33,318226.33
1948,167121.4,167121.4
1949,249014.74,249014.74
1950,201034.74,201034.74
1951,251719.27,251719.27
1952,211024.94,211024.94
1953,175787.72,175787.72
1954,196505.62,196505.62
1955,130676.69,130676.69
1956,292075.44,292075.44
1957,152690.81,152690.81
1958,289290.69,289290.69
1959,144687.99,144687.99
1960,95933.15,95933.15
1961,130099.14,130099.14
1962,86723.95,86723.95
1963,108424.08,108424.08
1964,97285.41,97285.41
1965,134109.04,134109.04
1966,135911.54,135911.54
1967,293412.34,293412.34
1968,387734.96,387734.96
1969,369254.47,369254.47
1970,384205.67,384205.67
1971,440990.04,440990.04
1972,350509.91,350509.91
1973,286459.46,286459.46
1974,329742.25,329742.25
1975,446078.99,446078.99
1976,263275.96,263275.96
1977,356455.97,356455.97
1978,327038.96,327038.96
1979,309428.49,309428.49
1980,191993.59,191993.59
1981,340631.34,340631.34
1982,206518.12,206518.12
1983,200094.03,200094.03
1984,173002.46,173002.46
1985,233717.39,233717.39
1986,215227.9,215227.9
1987,201323.0,201323.0
1988,176014.08,176014.08
1989,202742.54,202742.54
1990,216731.65,216731.65
1991,215210.74,215210.74
1992,240384.08,240384.08
1993,183730.53,183730.53
1994,248878.05,248878.05
1995,184121.26,184121.26
1996,279387.97,279387.97
1997,316938.63,316938.63
1998,285041.89,285041.89
1999,272563.46,272563.46
2000,295540.33,295540.33
2001,268048.8,268048.8
2002,249926.96,249926.96
2003,244581.42,244581.42
2004,285957.23,285957.23
2005,249130.74,249130.74
2006,222652.23,222652.23
2007,241444.22,241444.22
2008,218439.17,218439.17
2009,213612.15,213612.15
2010,197918.12,197918.12
2011,154415.42,154415.42
2012,180395.25,180395.25
2013,178884.06,178884.06
2014,181882.31,181882.31
2015,204382.11,204382.11
2016,199597.21,199597.21
2017,200884.02,200884.02
2018,127139.84,127139.84
2019,135690.31,135690.31
2020,87471.64,87471.64
2021,96695.93,96695.93
2022,171020.0,171020.0
2023,152606.26,152606.26
2024,279347.55,279347.55
2025,339982.72,339982.72
2026,173041.83,173041.83
2027,154977.57,154977.57
2028,157271.93,157271.93
2029,165339.63,165339.63
2030,266128.3,266128.3
2031,244162.72,244162.72
2032,269212.83,269212.83
2033,252554.59,252554.59
2034,180274.42,180274.42
2035,222029.71,222029.71
2036,208024.79,208024.79
2037,208952.53,208952.53
2038,318356.08,318356.08
2039,225822.61,225822.61
2040,336607.97,336607.97
2041,285972.52,285972.52
2042,205103.1,205103.1
2043,174629.19,174629.19
2044,190154.59,190154.59
2045,192442.76,192442.76
2046,141512.91,141512.91
2047,143607.73,143607.73
2048,152639.75,152639.75
2049,136496.28,136496.28
2050,176803.3,176803.3
2051,110061.01,110061.01
2052,130719.59,130719.59
2053,146057.62,146057.62
2054,69993.39,69993.39
2055,157876.29,157876.29
2056,150134.36,150134.36
2057,110664.78,110664.78
2058,215476.83,215476.83
2059,124866.98,124866.98
2060,167630.46,167630.46
2061,189971.66,189971.66
2062,120536.59,120536.59
2063,118359.98,118359.98
2064,121193.71,121193.71
2065,120292.25,120292.25
2066,174764.39,174764.39
2067,130652.42,130652.42
2068,144319.01,144319.01
2069,81694.37,81694.37
2070,106457.26,106457.26
2071,86556.73,86556.73
2072,141013.09,141013.09
2073,126351.48,126351.48
2074,162057.55,162057.55
2075,163936.79,163936.79
2076,121630.92,121630.92
2077,144912.96,144912.96
2078,111187.42,111187.42
2079,148205.1,148205.1
2080,121425.66,121425.66
2081,126574.83,126574.83
2082,133814.32,133814.32
2083,160188.55,160188.55
2084,95572.84,95572.84
2085,112569.79,112569.79
2086,147055.85,147055.85
2087,132917.36,132917.36
2088,94588.7,94588.7
2089,74075.41,74075.41
2090,134639.58,134639.58
2091,80505.57,80505.57
2092,128814.94,128814.94
2093,161237.86,161237.86
2094,114054.35,114054.35
2095,137007.97,137007.97
2096,84149.92,84149.92
2097,96596.53,96596.53
2098,161244.5,161244.5
2099,28626.76,28626.76
2100,71686.12,71686.12
2101,108855.6,108855.6
2102,150470.87,150470.87
2103,88701.92,88701.92
2104,152874.25,152874.25
2105,139702.76,139702.76
2106,30394.46,30394.46
2107,211455.87,211455.87
2108,119687.94,119687.94
2109,99571.47,99571.47
2110,116790.43,116790.43
2111,153642.03,153642.03
2112,132553.75,132553.75
2113,116843.18,116843.18
2114,117455.75,117455.75
2115,163429.24,163429.24
2116,113156.53,113156.53
2117,149418.78,149418.78
2118,128532.15,128532.15
2119,104128.52,104128.52
2120,119937.7,119937.7
2121,85941.01,85941.01
2122,96487.02,96487.02
2123,75912.12,75912.12
2124,182707.76,182707.76
2125,146756.43,146756.43
2126,146339.01,146339.01
2127,172690.08,172690.08
2128,151895.62,151895.62
2129,104370.41,104370.41
2130,138306.79,138306.79
2131,140936.04,140936.04
2132,110006.27,110006.27
2133,126999.37,126999.37
2134,121026.29,121026.29
2135,100370.48,100370.48
2136,45096.15,45096.15
2137,114177.2,114177.2
2138,133301.74,133301.74
2139,144525.15,144525.15
2140,132461.48,132461.48
2141,161489.82,161489.82
2142,124614.45,124614.45
2143,140429.75,140429.75
2144,105204.56,105204.56
2145,145946.38,145946.38
2146,193817.2,193817.2
2147,142712.7,142712.7
2148,144287.54,144287.54
2149,153652.68,153652.68
2150,228376.96,228376.96
2151,133305.97,133305.97
2152,178615.26,178615.26
2153,199444.82,199444.82
2154,98574.43,98574.43
2155,145505.16,145505.16
2156,258706.64,258706.64
2157,228707.55,228707.55
2158,243030.7,243030.7
2159,227913.5,227913.5
2160,190463.16,190463.16
2161,242690.83,242690.83
2162,376511.19,376511.19
2163,363660.27,363660.27
2164,252969.13,252969.13
2165,200227.04,200227.04
2166,162755.69,162755.69
2167,222245.53,222245.53
2168,193394.95,193394.95
2169,202953.7,202953.7
2170,221366.28,221366.28
2171,158979.84,158979.84
2172,135555.49,135555.49
2173,176441.52,176441.52
2174,223317.36,223317.36
2175,269378.75,269378.75
2176,308916.81,308916.81
2177,236435.37,236435.37
2178,220791.74,220791.74
2179,152849.5,152849.5
2180,220880.23,220880.23
2181,208078.79,208078.79
2182,233220.58,233220.58
2183,204592.5,204592.5
2184,130429.94,130429.94
2185,132231.52,132231.52
2186,140734.4,140734.4
2187,160344.39,160344.39
2188,169728.52,169728.52
2189,320567.34,320567.34
2190,70778.63,70778.63
2191,64016.78,64016.78
2192,75207.19,75207.19
2193,117924.51,117924.51
2194,98856.28,98856.28
2195,84593.18,84593.18
2196,113762.67,113762.67
2197,103130.54,103130.54
2198,156342.58,156342.58
2199,186461.39,186461.39
2200,140355.52,140355.52
2201,136191.97,136191.97
2202,191495.76,191495.76
2203,139299.72,139299.72
2204,157562.56,157562.56
2205,112448.41,112448.41
2206,136295.43,136295.43
2207,205896.33,205896.33
2208,239679.77,239679.77
2209,195508.09,195508.09
2210,127835.37,127835.37
2211,118697.98,118697.98
2212,123924.47,123924.47
2213,103563.86,103563.86
2214,160715.95,160715.95
2215,95617.58,95617.58
2216,151758.97,151758.97
2217,52623.25,52623.25
2218,89171.22,89171.22
2219,75536.7,75536.7
2220,59082.13,59082.13
2221,316471.88,316471.88
2222,292719.64,292719.64
2223,300147.41,300147.41
2224,220731.12,220731.12
2225,133764.91,133764.91
2226,176648.12,176648.12
2227,210521.22,210521.22
2228,298084.03,298084.03
2229,253030.38,253030.38
2230,150627.45,150627.45
2231,220404.22,220404.22
2232,173699.13,173699.13
2233,183415.15,183415.15
2234,263158.5,263158.5
2235,245894.98,245894.98
2236,251778.84,251778.84
2237,310612.05,310612.05
2238,214042.41,214042.41
2239,119743.09,119743.09
2240,179926.3,179926.3
2241,134762.1,134762.1
2242,125243.45,125243.45
2243,129956.68,129956.68
2244,106668.11,106668.11
2245,116617.47,116617.47
2246,135717.28,135717.28
2247,130753.15,130753.15
2248,127361.13,127361.13
2249,118555.06,118555.06
2250,124393.75,124393.75
2251,118051.08,118051.08
2252,179663.77,179663.77
2253,160934.06,160934.06
2254,174615.49,174615.49
2255,190077.97,190077.97
2256,184266.17,184266.17
2257,216161.75,216161.75
2258,153410.87,153410.87
2259,172205.58,172205.58
2260,164670.96,164670.96
2261,209904.27,209904.27
2262,221537.91,221537.91
2263,353397.77,353397.77
2264,407437.63,407437.63
2265,165145.92,165145.92
2266,292025.9,292025.9
2267,355110.87,355110.87
2268,403394.92,403394.92
2269,172063.07,172063.07
2270,202303.85,202303.85
2271,210695.89,210695.89
2272,218168.74,218168.74
2273,153192.15,153192.15
2274,185344.89,185344.89
2275,150916.68,150916.68
2276,198206.74,198206.74
2277,186839.84,186839.84
2278,155863.37,155863.37
2279,128005.16,128005.16
2280,112722.72,112722.72
2281,166592.95,166592.95
2282,178974.84,178974.84
2283,115442.44,115442.44
2284,123319.44,123319.44
2285,136264.3,136264.3
2286,118232.53,118232.53
2287,373937.4,373937.4
2288,282347.62,282347.62
2289,307284.03,307284.03
2290,411262.17,411262.17
2291,331254.2,331254.2
2292,398768.81,398768.81
2293,421384.75,421384.75
2294,368350.06,368350.06
2295,425406.85,425406.85
2296,246337.32,246337.32
2297,357738.07,357738.07
2298,354047.05,354047.05
2299,334982.27,334982.27
2300,316829.9,316829.9
2301,324988.28,324988.28
2302,236678.48,236678.48
2303,239846.23,239846.23
2304,232487.31,232487.31
2305,189688.5,189688.5
2306,182478.23,182478.23
2307,193364.88,193364.88
2308,215550.98,215550.98
2309,297959.84,297959.84
2310,206205.47,206205.47
2311,204276.65,204276.65
2312,184637.34,184637.34
2313,181350.71,181350.71
2314,186878.06,186878.06
2315,185984.11,185984.11
2316,217941.91,217941.91
2317,189772.54,189772.54
2318,187963.19,187963.19
2319,190772.13,190772.13
2320,183610.46,183610.46
2321,248890.38,248890.38
2322,190722.02,190722.02
2323,205773.57,205773.57
2324,206281.19,206281.19
2325,216428.99,216428.99
2326,188954.89,188954.89
2327,205453.73,205453.73
2328,235341.86,235341.86
2329,194561.85,194561.85
2330,183284.52,183284.52
2331,315302.02,315302.02
2332,382915.16,382915.16
2333,298755.25,298755.25
2334,253823.4,253823.4
2335,290215.05,290215.05
2336,295480.26,295480.26
2337,200024.2,200024.2
2338,252530.26,252530.26
2339,230540.92,230540.92
2340,387798.96,387798.96
2341,208156.06,208156.06
2342,232732.63,232732.63
2343,221779.93,221779.93
2344,228996.3,228996.3
2345,224614.76,224614.76
2346,216795.73,216795.73
2347,192519.15,192519.15
2348,243195.72,243195.72
2349,178108.12,178108.12
2350,318983.62,318983.62
2351,261931.02,261931.02
2352,243335.03,243335.03
2353,248811.49,248811.49
2354,141486.39,141486.39
2355,156707.31,156707.31
2356,162609.07,162609.07
2357,189834.88,189834.88
2358,197197.17,197197.17
2359,126264.27,126264.27
2360,109817.11,109817.11
2361,141992.83,141992.83
2362,263651.29,263651.29
2363,148596.36,148596.36
2364,181323.06,181323.06
2365,214605.55,214605.55
2366,195505.48,195505.48
2367,218815.7,218815.7
2368,219694.88,219694.88
2369,199265.59,199265.59
2370,163489.41,163489.41
2371,164852.98,164852.98
2372,191741.02,191741.02
2373,297014.33,297014.33
2374,311006.04,311006.04
2375,246852.47,246852.47
2376,286594.5,286594.5
2377,316416.14,316416.14
2378,146500.17,146500.17
2379,228792.73,228792.73
2380,150827.57,150827.57
2381,168855.21,168855.21
2382,223690.48,223690.48
2383,196830.24,196830.24
2384,245891.02,245891.02
2385,167417.62,167417.62
2386,125515.66,125515.66
2387,127069.63,127069.63
2388,107401.18,107401.18
2389,123502.04,123502.04
2390,150248.06,150248.06
2391,132890.39,132890.39
2392,116574.41,116574.41
2393,168337.61,168337.61
2394,147480.03,147480.03
2395,219101.67,219101.67
2396,139810.94,139810.94
2397,209771.48,209771.48
2398,124118.95,124118.95
2399,46968.84,46968.84
2400,49986.22,49986.22
2401,118478.07,118478.07
2402,143303.29,143303.29
2403,140963.12,140963.12
2404,140823.23,140823.23
2405,169043.91,169043.91
2406,135583.89,135583.89
2407,128960.93,128960.93
2408,156339.59,156339.59
2409,113311.45,113311.45
2410,187373.25,187373.25
2411,108530.34,108530.34
2412,151590.43,151590.43
2413,131234.06,131234.06
2414,161368.19,161368.19
2415,140019.5,140019.5
2416,134394.01,134394.01
2417,135599.94,135599.94
2418,134115.64,134115.64
2419,125757.51,125757.51
2420,120821.89,120821.89
2421,133450.15,133450.15
2422,97981.29,97981.29
2423,116342.67,116342.67
2424,146698.24,146698.24
2425,227337.71,227337.71
2426,120128.94,120128.94
2427,127854.08,127854.08
2428,195296.41,195296.41
2429,97778.21,97778.21
2430,130266.67,130266.67
2431,103468.63,103468.63
2432,149964.65,149964.65
2433,146789.64,146789.64
2434,142702.16,142702.16
2435,155580.78,155580.78
2436,112512.56,112512.56
2437,105738.98,105738.98
2438,108391.43,108391.43
2439,110153.81,110153.81
2440,133761.01,133761.01
2441,104534.7,104534.7
2442,93747.75,93747.75
2443,146921.83,146921.83
2444,121256.53,121256.53
2445,83159.59,83159.59
2446,134097.39,134097.39
2447,208289.34,208289.34
2448,135100.92,135100.92
2449,126393.94,126393.94
2450,158854.14,158854.14
2451,129663.67,129663.67
2452,205084.15,205084.15
2453,93883.3,93883.3
2454,103982.84,103982.84
2455,108150.91,108150.91
2456,139310.96,139310.96
2457,123024.72,123024.72
2458,135273.29,135273.29
2459,103303.76,103303.76
2460,155748.19,155748.19
2461,135039.91,135039.91
2462,130678.97,130678.97
2463,131731.83,131731.83
2464,181507.72,181507.72
2465,134136.96,134136.96
2466,114036.38,114036.38
2467,159502.78,159502.78
2468,80412.34,80412.34
2469,74245.09,74245.09
2470,210693.51,210693.51
2471,222861.57,222861.57
2472,176229.71,176229.71
2473,107871.09,107871.09
2474,70400.05,70400.05
2475,233272.05,233272.05
2476,98187.58,98187.58
2477,93666.66,93666.66
2478,137651.76,137651.76
2479,100261.94,100261.94
2480,147609.91,147609.91
2481,123939.43,123939.43
2482,119915.42,119915.42
2483,96298.69,96298.69
2484,125712.47,125712.47
2485,131632.15,131632.15
2486,151456.93,151456.93
2487,192874.39,192874.39
2488,171130.43,171130.43
2489,156747.38,156747.38
2490,142837.4,142837.4
2491,105205.56,105205.56
2492,191191.14,191191.14
2493,167227.02,167227.02
2494,151475.53,151475.53
2495,93389.05,93389.05
2496,243370.99,243370.99
2497,167624.75,167624.75
2498,95931.07,95931.07
2499,75846.76,75846.76
2500,108481.25,108481.25
2501,144254.91,144254.91
2502,143172.71,143172.71
2503,96785.95,96785.95
2504,172626.07,172626.07
2505,233490.53,233490.53
2506,258732.16,258732.16
2507,280004.01,280004.01
2508,258856.89,258856.89
2509,227301.77,227301.77
2510,221388.26,221388.26
2511,180712.8,180712.8
2512,224538.15,224538.15
2513,235328.36,235328.36
2514,280486.54,280486.54
2515,130831.34,130831.34
2516,178831.21,178831.21
2517,149973.29,149973.29
2518,148345.72,148345.72
2519,244565.83,244565.83
2520,220095.17,220095.17
2521,194249.55,194249.55
2522,225937.85,225937.85
2523,115729.96,115729.96
2524,130124.41,130124.41
2525,119072.96,119072.96
2526,136984.41,136984.41
2527,113073.92,113073.92
2528,125338.0,125338.0
2529,152118.41,152118.41
2530,126495.31,126495.31
2531,258976.68,258976.68
2532,231868.82,231868.82
2533,203880.73,203880.73
2534,254674.05,254674.05
2535,281955.83,281955.83
2536,240478.01,240478.01
2537,243136.3,243136.3
2538,190212.95,190212.95
2539,204318.38,204318.38
2540,184220.27,184220.27
2541,187755.39,187755.39
2542,167165.15,167165.15
2543,125504.6,125504.6
2544,118251.6,118251.6
2545,137419.32,137419.32
2546,141056.85,141056.85
2547,159809.53,159809.53
2548,170946.9,170946.9
2549,158084.41,158084.41
2550,614047.99,614047.99
2551,160137.66,160137.66
2552,145579.34,145579.34
2553,62449.06,62449.06
2554,86586.88,86586.88
2555,109674.72,109674.72
2556,87969.26,87969.26
2557,108553.61,108553.61
2558,184725.38,184725.38
2559,124741.17,124741.17
2560,138775.98,138775.98
2561,146503.61,146503.61
2562,132902.87,132902.87
2563,134606.84,134606.84
2564,193041.17,193041.17
2565,142429.18,142429.18
2566,142235.62,142235.62
2567,110399.31,110399.31
2568,187756.61,187756.61
2569,185923.7,185923.7
2570,130089.63,130089.63
2571,162100.46,162100.46
2572,175461.99,175461.99
2573,204873.94,204873.94
2574,278488.32,278488.32
2575,142720.88,142720.88
2576,130435.4,130435.4
2577,169741.75,169741.75
2578,82805.14,82805.14
2579,27255.87,27255.87
2580,112828.69,112828.69
2581,127622.52,127622.52
2582,139495.31,139495.31
2583,278751.65,278751.65
2584,167248.55,167248.55
2585,191687.35,191687.35
2586,221044.05,221044.05
2587,198671.21,198671.21
2588,129440.56,129440.56
2589,147615.27,147615.27
2590,218678.85,218678.85
2591,277230.63,277230.63
2592,217027.32,217027.32
2593,270070.83,270070.83
2594,171710.96,171710.96
2595,233206.31,233206.31
2596,303571.51,303571.51
2597,200954.95,200954.95
2598,282586.64,282586.64
2599,362113.4,362113.4
2600,170191.27,170191.27
2601,161354.02,161354.02
2602,72770.61,72770.61
2603,96972.38,96972.38
2604,81070.7,81070.7
2605,67173.11,67173.11
2606,135787.41,135787.41
2607,231887.87,231887.87
2608,203807.64,203807.64
2609,172624.13,172624.13
2610,102711.25,102711.25
2611,137032.15,137032.15
2612,146237.06,146237.06
2613,129394.15,129394.15
2614,110424.14,110424.14
2615,167582.2,167582.2
2616,164613.03,164613.03
2617,196031.34,196031.34
2618,251164.89,251164.89
2619,209897.94,209897.94
2620,194210.38,194210.38
2621,171124.87,171124.87
2622,183204.47,183204.47
2623,236443.6,236443.6
2624,286777.07,286777.07
2625,256105.58,256105.58
2626,165063.61,165063.61
2627,153493.19,153493.19
2628,415335.08,415335.08
2629,462284.75,462284.75
2630,354282.17,354282.17
2631,422847.84,422847.84
2632,383470.84,383470.84
2633,291124.54,291124.54
2634,390390.81,390390.81
2635,156953.61,156953.61
2636,186645.3,186645.3
2637,227280.33,227280.33
2638,258096.93,258096.93
2639,184279.14,184279.14
2640,149601.64,149601.64
2641,93977.97,93977.97
2642,185253.85,185253.85
2643,113616.19,113616.19
2644,112462.71,112462.71
2645,111095.93,111095.93
2646,96289.48,96289.48
2647,115762.9,115762.9
2648,128708.51,128708.51
2649,161627.68,161627.68
2650,131351.88,131351.88
2651,133883.9,133883.9
2652,364750.23,364750.23
2653,236264.4,236264.4
2654,261287.33,261287.33
2655,384694.54,384694.54
2656,318721.79,318721.79
2657,336526.23,336526.23
2658,310654.52,310654.52
2659,316686.31,316686.31
2660,340061.87,340061.87
2661,342333.64,342333.64
2662,366973.97,366973.97
2663,252799.04,252799.04
2664,292809.87,292809.87
2665,328171.77,328171.77
2666,296339.94,296339.94
2667,182116.9,182116.9
2668,192330.43,192330.43
2669,190035.67,190035.67
2670,279946.55,279946.55
2671,194267.83,194267.83
2672,199494.04,199494.04
2673,200840.96,200840.96
2674,203134.48,203134.48
2675,188243.64,188243.64
2676,202570.14,202570.14
2677,193153.54,193153.54
2678,260203.37,260203.37
2679,261132.16,261132.16
2680,279568.16,279568.16
2681,396510.52,396510.52
2682,306296.3,306296.3
2683,473597.01,473597.01
2684,313776.7,313776.7
2685,312709.09,312709.09
2686,248142.35,248142.35
2687,282807.92,282807.92
2688,211504.71,211504.71
2689,213784.55,213784.55
2690,356832.68,356832.68
2691,185038.69,185038.69
2692,156288.46,156288.46
2693,201523.56,201523.56
2694,148275.91,148275.91
2695,195145.16,195145.16
2696,185436.89,185436.89
2697,183087.84,183087.84
2698,209718.43,209718.43
2699,169139.48,169139.48
2700,152242.36,152242.36
2701,157076.11,157076.11
2702,121748.39,121748.39
2703,149923.97,149923.97
2704,142907.18,142907.18
2705,106524.39,106524.39
2706,99081.79,99081.79
2707,133592.0,133592.0
2708,115165.42,115165.42
2709,103941.28,103941.28
2710,122219.9,122219.9
2711,258967.41,258967.41
2712,377144.41,377144.41
2713,160992.03,160992.03
2714,146974.29,146974.29
2715,175529.96,175529.96
2716,142123.97,142123.97
2717,197614.95,197614.95
2718,216610.06,216610.06
2719,131692.42,131692.42
2720,196439.29,196439.29
2721,134634.92,134634.92
2722,175937.97,175937.97
2723,165145.1,165145.1
2724,133278.14,133278.14
2725,122752.8,122752.8
2726,127102.55,127102.55
2727,167749.33,167749.33
2728,186199.15,186199.15
2729,146375.61,146375.61
2730,143902.46,143902.46
2731,138686.15,138686.15
2732,137921.99,137921.99
2733,161483.89,161483.89
2734,168416.23,168416.23
2735,132172.33,132172.33
2736,137086.59,137086.59
2737,110776.39,110776.39
2738,128028.28,128028.28
2739,151998.89,151998.89
2740,146899.27,146899.27
2741,151775.45,151775.45
2742,183353.97,183353.97
2743,159597.46,159597.46
2744,162721.54,162721.54
2745,150309.11,150309.11
2746,131353.28,131353.28
2747,182837.5,182837.5
2748,123115.81,123115.81
2749,135896.53,135896.53
2750,110899.88,110899.88
2751,134326.57,134326.57
2752,232683.37,232683.37
2753,142966.89,142966.89
2754,227138.31,227138.31
2755,140698.19,140698.19
2756,73879.34,73879.34
2757,72294.49,72294.49
2758,73230.11,73230.11
2759,165127.74,165127.74
2760,128764.95,128764.95
2761,136695.38,136695.38
2762,133114.02,133114.02
2763,195783.02,195783.02
2764,182445.04,182445.04
2765,278903.64,278903.64
2766,121553.31,121553.31
2767,77877.34,77877.34
2768,121668.31,121668.31
2769,141465.91,141465.91
2770,157117.87,157117.87
2771,103556.29,103556.29
2772,92812.86,92812.86
2773,185088.94,185088.94
2774,156710.84,156710.84
2775,116995.09,116995.09
2776,145064.49,145064.49
2777,159010.28,159010.28
2778,129177.2,129177.2
2779,129788.6,129788.6
2780,101594.76,101594.76
2781,85856.73,85856.73
2782,90863.57,90863.57
2783,83411.34,83411.34
2784,126741.41,126741.41
2785,143107.96,143107.96
2786,47214.97,47214.97
2787,130570.73,130570.73
2788,58439.29,58439.29
2789,180931.37,180931.37
2790,91867.94,91867.94
2791,117628.24,117628.24
2792,54243.62,54243.62
2793,151825.79,151825.79
2794,89912.88,89912.88
2795,118750.39,118750.39
2796,84464.07,84464.07
2797,226180.88,226180.88
2798,126759.72,126759.72
2799,112053.69,112053.69
2800,71629.8,71629.8
2801,109228.46,109228.46
2802,133051.79,133051.79
2803,170346.09,170346.09
2804,142650.92,142650.92
2805,109815.51,109815.51
2806,74916.01,74916.01
2807,173048.57,173048.57
2808,150841.46,150841.46
2809,122302.13,122302.13
2810,122064.05,122064.05
2811,175390.08,175390.08
2812,180720.36,180720.36
2813,151964.07,151964.07
2814,145318.34,145318.34
2815,102666.92,102666.92
2816,212713.56,212713.56
2817,159641.54,159641.54
2818,124735.64,124735.64
2819,195528.46,195528.46
2820,138989.14,138989.14
2821,120128.01,120128.01
2822,205829.86,205829.86
2823,325025.61,325025.61
2824,170884.47,170884.47
2825,168521.93,168521.93
2826,136371.41,136371.41
2827,142892.48,142892.48
2828,250743.27,250743.27
2829,219272.81,219272.81
2830,223797.42,223797.42
2831,195958.95,195958.95
2832,238022.06,238022.06
2833,319281.58,319281.58
2834,233016.92,233016.92
2835,234497.92,234497.92
2836,209800.36,209800.36
2837,157254.34,157254.34
2838,142247.16,142247.16
2839,177942.88,177942.88
2840,202263.88,202263.88
2841,213013.19,213013.19
2842,233846.11,233846.11
2843,155295.33,155295.33
2844,161365.0,161365.0
2845,126050.56,126050.56
2846,216939.23,216939.23
2847,204523.07,204523.07
2848,222634.2,222634.2
2849,208135.47,208135.47
2850,282672.86,282672.86
2851,225894.42,225894.42
2852,224491.86,224491.86
2853,245613.6,245613.6
2854,153589.59,153589.59
2855,207099.5,207099.5
2856,208875.03,208875.03
2857,200551.59,200551.59
2858,220064.49,220064.49
2859,93282.38,93282.38
2860,111765.85,111765.85
2861,136114.14,136114.14
2862,206591.03,206591.03
2863,150677.61,150677.61
2864,259605.69,259605.69
2865,154722.53,154722.53
2866,166481.68,166481.68
2867,98775.17,98775.17
2868,103438.92,103438.92
2869,103657.14,103657.14
2870,120082.82,120082.82
2871,74499.26,74499.26
2872,14476.37,14476.37
2873,91080.11,91080.11
2874,140982.5,140982.5
2875,114918.46,114918.46
2876,186968.46,186968.46
2877,148266.15,148266.15
2878,156690.87,156690.87
2879,123525.2,123525.2
2880,100791.94,100791.94
2881,120781.59,120781.59
2882,160268.51,160268.51
2883,183791.83,183791.83
2884,197740.74,197740.74
2885,170326.28,170326.28
2886,226435.52,226435.52
2887,119319.82,119319.82
2888,148066.57,148066.57
2889,45534.25,45534.25
2890,74306.93,74306.93
2891,150103.84,150103.84
2892,43007.84,43007.84
2893,95328.86,95328.86
2894,41418.02,41418.02
2895,343635.25,343635.25
2896,287366.52,287366.52
2897,215254.32,215254.32
2898,152491.64,152491.64
2899,236914.52,236914.52
2900,159915.09,159915.09
2901,217607.22,217607.22
2902,195301.73,195301.73
2903,317079.74,317079.74
2904,343495.84,343495.84
2905,75238.85,75238.85
2906,213751.08,213751.08
2907,118364.15,118364.15
2908,122837.04,122837.04
2909,151370.07,151370.07
2910,70645.75,70645.75
2911,73387.89,73387.89
2912,146941.89,146941.89
2913,73296.87,73296.87
2914,67437.11,67437.11
2915,79257.11,79257.11
2916,75431.75,75431.75
2917,171553.4,171553.4
2918,104163.87,104163.87
2919,221358.74,221358.74
